date,GBP
2009-12-31,0.8881
2010-01-04,0.8914
2010-01-05,0.90045
2010-01-06,0.8986
2010-01-07,0.8996
2010-01-08,0.8934
2010-01-11,0.8989
2010-01-12,0.8972
2010-01-13,0.8946
2010-01-14,0.8905
2010-01-15,0.88105
2010-01-18,0.8795
2010-01-19,0.8743
2010-01-20,0.8692
2010-01-21,0.87
2010-01-22,0.8763
2010-01-25,0.8773
2010-01-26,0.8733
2010-01-27,0.86725
2010-01-28,0.8616
2010-01-29,0.86655
2010-02-01,0.87485
2010-02-02,0.87375
2010-02-03,0.8762
2010-02-04,0.8731
2010-02-05,0.87325
2010-02-08,0.8761
2010-02-09,0.8804
2010-02-10,0.8798
2010-02-11,0.8775
2010-02-12,0.8691
2010-02-15,0.8676
2010-02-16,0.8705
2010-02-17,0.869
2010-02-18,0.8704
2010-02-19,0.8783
2010-02-22,0.8797
2010-02-23,0.8802
2010-02-24,0.8775
2010-02-25,0.8809
2010-02-26,0.8927
2010-03-01,0.9067
2010-03-02,0.90635
2010-03-03,0.9057
2010-03-04,0.905
2010-03-05,0.9025
2010-03-08,0.9024
2010-03-09,0.9064
2010-03-10,0.9114
2010-03-11,0.9086
2010-03-12,0.9083
2010-03-15,0.9105
2010-03-16,0.9069
2010-03-17,0.8962
2010-03-18,0.894
2010-03-19,0.8945
2010-03-22,0.899
2010-03-23,0.9005
2010-03-24,0.8946
2010-03-25,0.8944
2010-03-26,0.9004
2010-03-29,0.8994
2010-03-30,0.8933
2010-03-31,0.8898
2010-04-01,0.88485
2010-04-06,0.8824
2010-04-07,0.87885
2010-04-08,0.875
2010-04-09,0.872
2010-04-12,0.8825
2010-04-13,0.8812
2010-04-14,0.8814
2010-04-15,0.87735
2010-04-16,0.8771
2010-04-19,0.8805
2010-04-20,0.8765
2010-04-21,0.869
2010-04-22,0.86675
2010-04-23,0.8673
2010-04-26,0.8624
2010-04-27,0.86705
2010-04-28,0.8708
2010-04-29,0.86785
2010-04-30,0.8703
2010-05-03,0.868
2010-05-04,0.86325
2010-05-05,0.8551
2010-05-06,0.84295
2010-05-07,0.86805
2010-05-10,0.86405
2010-05-11,0.8596
2010-05-12,0.8494
2010-05-13,0.853
2010-05-14,0.8571
2010-05-17,0.8554
2010-05-18,0.85895
2010-05-19,0.85805
2010-05-20,0.8644
2010-05-21,0.87035
2010-05-24,0.8608
2010-05-25,0.85205
2010-05-26,0.8547
2010-05-27,0.84625
2010-05-28,0.84995
2010-05-31,0.84863
2010-06-01,0.8347
2010-06-02,0.83345
2010-06-03,0.8357
2010-06-04,0.82745
2010-06-07,0.8246
2010-06-08,0.82805
2010-06-09,0.8259
2010-06-10,0.8252
2010-06-11,0.8293
2010-06-14,0.8308
2010-06-15,0.832
2010-06-16,0.83085
2010-06-17,0.8349
2010-06-18,0.8357
2010-06-21,0.8341
2010-06-22,0.834
2010-06-23,0.8229
2010-06-24,0.8185
2010-06-25,0.8236
2010-06-28,0.82
2010-06-29,0.8104
2010-06-30,0.81745
2010-07-01,0.82215
2010-07-02,0.8252
2010-07-05,0.8275
2010-07-06,0.8295
2010-07-07,0.8319
2010-07-08,0.8356
2010-07-09,0.836
2010-07-12,0.8363
2010-07-13,0.8318
2010-07-14,0.8343
2010-07-15,0.83565
2010-07-16,0.84535
2010-07-19,0.8483
2010-07-20,0.84745
2010-07-21,0.83945
2010-07-22,0.8428
2010-07-23,0.8372
2010-07-26,0.83425
2010-07-27,0.8382
2010-07-28,0.83395
2010-07-29,0.8367
2010-07-30,0.8349
2010-08-02,0.826
2010-08-03,0.8298
2010-08-04,0.8284
2010-08-05,0.8293
2010-08-06,0.8301
2010-08-09,0.8304
2010-08-10,0.8352
2010-08-11,0.8278
2010-08-12,0.8206
2010-08-13,0.8212
2010-08-16,0.8211
2010-08-17,0.823
2010-08-18,0.8233
2010-08-19,0.82055
2010-08-20,0.8191
2010-08-23,0.8169
2010-08-24,0.8193
2010-08-25,0.8185
2010-08-26,0.81745
2010-08-27,0.8206
2010-08-30,0.8165
2010-08-31,0.8248
2010-09-01,0.83105
2010-09-02,0.83275
2010-09-03,0.8332
2010-09-06,0.83825
2010-09-07,0.8316
2010-09-08,0.82205
2010-09-09,0.8258
2010-09-10,0.8234
2010-09-13,0.8312
2010-09-14,0.8343
2010-09-15,0.8355
2010-09-16,0.8372
2010-09-17,0.83575
2010-09-20,0.8383
2010-09-21,0.84545
2010-09-22,0.8553
2010-09-23,0.8505
2010-09-24,0.85345
2010-09-27,0.8504
2010-09-28,0.84985
2010-09-29,0.8618
2010-09-30,0.85995
2010-10-01,0.8676
2010-10-04,0.8656
2010-10-05,0.8667
2010-10-06,0.8726
2010-10-07,0.87465
2010-10-08,0.8751
2010-10-11,0.8746
2010-10-12,0.8736
2010-10-13,0.8812
2010-10-14,0.8792
2010-10-15,0.8775
2010-10-18,0.8747
2010-10-19,0.8806
2010-10-20,0.882
2010-10-21,0.8902
2010-10-22,0.8873
2010-10-25,0.89255
2010-10-26,0.87685
2010-10-27,0.87235
2010-10-28,0.8704
2010-10-29,0.8686
2010-11-01,0.86675
2010-11-02,0.8749
2010-11-03,0.8703
2010-11-04,0.87585
2010-11-05,0.8679
2010-11-08,0.8627
2010-11-09,0.86235
2010-11-10,0.85685
2010-11-11,0.8491
2010-11-12,0.8507
2010-11-15,0.8479
2010-11-16,0.851
2010-11-17,0.84895
2010-11-18,0.8522
2010-11-19,0.8552
2010-11-22,0.8549
2010-11-23,0.84795
2010-11-24,0.8438
2010-11-25,0.84645
2010-11-26,0.8447
2010-11-29,0.844
2010-11-30,0.83765
2010-12-01,0.8393
2010-12-02,0.8445
2010-12-03,0.848
2010-12-06,0.8472
2010-12-07,0.8467
2010-12-08,0.8367
2010-12-09,0.8382
2010-12-10,0.83715
2010-12-13,0.84375
2010-12-14,0.84865
2010-12-15,0.8529
2010-12-16,0.84795
2010-12-17,0.85185
2010-12-20,0.8462
2010-12-21,0.8503
2010-12-22,0.8492
2010-12-23,0.8482
2010-12-24,0.8496
2010-12-27,0.8523
2010-12-28,0.85345
2010-12-29,0.8539
2010-12-30,0.8602
2010-12-31,0.86075
2011-01-03,0.86131
2011-01-04,0.85875
2011-01-05,0.8483
2011-01-06,0.8445
2011-01-07,0.8383
2011-01-10,0.8318
2011-01-11,0.8319
2011-01-12,0.83155
2011-01-13,0.83575
2011-01-14,0.8422
2011-01-17,0.8361
2011-01-18,0.83565
2011-01-19,0.8433
2011-01-20,0.8436
2011-01-21,0.84825
2011-01-24,0.8516
2011-01-25,0.862
2011-01-26,0.86325
2011-01-27,0.85955
2011-01-28,0.8609
2011-01-31,0.8609
2011-02-01,0.8536
2011-02-02,0.8519
2011-02-03,0.84865
2011-02-04,0.8472
2011-02-07,0.8402
2011-02-08,0.8486
2011-02-09,0.85
2011-02-10,0.8478
2011-02-11,0.8457
2011-02-14,0.84
2011-02-15,0.8375
2011-02-16,0.8419
2011-02-17,0.8409
2011-02-18,0.8395
2011-02-21,0.8425
2011-02-22,0.84584
2011-02-23,0.8459
2011-02-24,0.8513
2011-02-25,0.8553
2011-02-28,0.8528
2011-03-01,0.8494
2011-03-02,0.8478
2011-03-03,0.8513
2011-03-04,0.85805
2011-03-07,0.861
2011-03-08,0.8605
2011-03-09,0.859
2011-03-10,0.85655
2011-03-11,0.8612
2011-03-14,0.8659
2011-03-15,0.8674
2011-03-16,0.8673
2011-03-17,0.86745
2011-03-18,0.8738
2011-03-21,0.8717
2011-03-22,0.8678
2011-03-23,0.8699
2011-03-24,0.8741
2011-03-25,0.8778
2011-03-28,0.87825
2011-03-29,0.88145
2011-03-30,0.8789
2011-03-31,0.8837
2011-04-01,0.8815
2011-04-04,0.88095
2011-04-05,0.87285
2011-04-06,0.8775
2011-04-07,0.8759
2011-04-08,0.88095
2011-04-11,0.8836
2011-04-12,0.88845
2011-04-13,0.8898
2011-04-14,0.8825
2011-04-15,0.8838
2011-04-18,0.8775
2011-04-19,0.878
2011-04-20,0.8867
2011-04-21,0.8813
2011-04-26,0.88715
2011-04-27,0.8864
2011-04-28,0.8888
2011-04-29,0.8917
2011-05-02,0.8892
2011-05-03,0.89695
2011-05-04,0.8999
2011-05-05,0.89865
2011-05-06,0.8839
2011-05-09,0.87925
2011-05-10,0.8779
2011-05-11,0.87075
2011-05-12,0.87015
2011-05-13,0.87795
2011-05-16,0.8725
2011-05-17,0.8729
2011-05-18,0.88065
2011-05-19,0.8813
2011-05-20,0.87705
2011-05-23,0.86975
2011-05-24,0.87285
2011-05-25,0.8672
2011-05-26,0.8685
2011-05-27,0.86685
2011-05-30,0.8671
2011-05-31,0.87205
2011-06-01,0.87705
2011-06-02,0.88295
2011-06-03,0.8875
2011-06-06,0.8903
2011-06-07,0.89245
2011-06-08,0.8929
2011-06-09,0.8894
2011-06-10,0.8884
2011-06-13,0.8806
2011-06-14,0.881
2011-06-15,0.8797
2011-06-16,0.8753
2011-06-17,0.8826
2011-06-20,0.8795
2011-06-21,0.8867
2011-06-22,0.8931
2011-06-23,0.8896
2011-06-24,0.88855
2011-06-27,0.8897
2011-06-28,0.8942
2011-06-29,0.8998
2011-06-30,0.90255
2011-07-01,0.905
2011-07-04,0.9015
2011-07-05,0.8984
2011-07-06,0.89485
2011-07-07,0.8921
2011-07-08,0.8932
2011-07-11,0.8807
2011-07-12,0.88265
2011-07-13,0.8823
2011-07-14,0.88095
2011-07-15,0.8775
2011-07-18,0.87315
2011-07-19,0.8789
2011-07-20,0.88065
2011-07-21,0.8787
2011-07-22,0.8827
2011-07-25,0.8825
2011-07-26,0.88235
2011-07-27,0.8831
2011-07-28,0.8739
2011-07-29,0.87485
2011-08-01,0.87955
2011-08-02,0.8718
2011-08-03,0.87255
2011-08-04,0.87145
2011-08-05,0.86905
2011-08-08,0.8691
2011-08-09,0.8731
2011-08-10,0.8843
2011-08-11,0.8757
2011-08-12,0.87635
2011-08-15,0.877
2011-08-16,0.8785
2011-08-17,0.8776
2011-08-18,0.8706
2011-08-19,0.86965
2011-08-22,0.87365
2011-08-23,0.876
2011-08-24,0.8771
2011-08-25,0.8812
2011-08-26,0.88565
2011-08-29,0.8846
2011-08-30,0.88365
2011-08-31,0.8856
2011-09-01,0.8812
2011-09-02,0.8789
2011-09-05,0.8751
2011-09-06,0.8771
2011-09-07,0.878
2011-09-08,0.8767
2011-09-09,0.8659
2011-09-12,0.86015
2011-09-13,0.86315
2011-09-14,0.8695
2011-09-15,0.87295
2011-09-16,0.8717
2011-09-19,0.8681
2011-09-20,0.8723
2011-09-21,0.8731
2011-09-22,0.87325
2011-09-23,0.87235
2011-09-26,0.8696
2011-09-27,0.8698
2011-09-28,0.87175
2011-09-29,0.87065
2011-09-30,0.86665
2011-10-03,0.8596
2011-10-04,0.8565
2011-10-05,0.863
2011-10-06,0.8668
2011-10-07,0.8648
2011-10-10,0.8689
2011-10-11,0.8702
2011-10-12,0.87535
2011-10-13,0.87585
2011-10-14,0.8748
2011-10-17,0.874
2011-10-18,0.8702
2011-10-19,0.87495
2011-10-20,0.875
2011-10-21,0.86775
2011-10-24,0.8691
2011-10-25,0.8701
2011-10-26,0.8719
2011-10-27,0.8763
2011-10-28,0.87935
2011-10-31,0.8731
2011-11-01,0.85515
2011-11-02,0.8619
2011-11-03,0.8593
2011-11-04,0.86125
2011-11-07,0.85655
2011-11-08,0.85805
2011-11-09,0.85385
2011-11-10,0.85335
2011-11-11,0.8568
2011-11-14,0.8566
2011-11-15,0.85345
2011-11-16,0.8543
2011-11-17,0.854
2011-11-18,0.85805
2011-11-21,0.86
2011-11-22,0.8657
2011-11-23,0.8603
2011-11-24,0.8606
2011-11-25,0.85585
2011-11-28,0.8582
2011-11-29,0.85365
2011-11-30,0.8558
2011-12-01,0.8591
2011-12-02,0.8602
2011-12-05,0.85925
2011-12-06,0.85655
2011-12-07,0.85745
2011-12-08,0.8528
2011-12-09,0.85315
2011-12-12,0.848
2011-12-13,0.84625
2011-12-14,0.839
2011-12-15,0.83935
2011-12-16,0.84055
2011-12-19,0.8398
2011-12-20,0.8368
2011-12-21,0.8323
2011-12-22,0.8325
2011-12-23,0.8331
2011-12-27,0.8335
2011-12-28,0.8342
2011-12-29,0.836
2011-12-30,0.8353
2012-01-02,0.83514
2012-01-03,0.8351
2012-01-04,0.8311
2012-01-05,0.82675
2012-01-06,0.8264
2012-01-09,0.824
2012-01-10,0.8282
2012-01-11,0.8259
2012-01-12,0.83055
2012-01-13,0.8332
2012-01-16,0.82745
2012-01-17,0.83045
2012-01-18,0.83385
2012-01-19,0.8356
2012-01-20,0.8339
2012-01-23,0.83625
2012-01-24,0.8346
2012-01-25,0.83205
2012-01-26,0.838
2012-01-27,0.83685
2012-01-30,0.8358
2012-01-31,0.8351
2012-02-01,0.8312
2012-02-02,0.82765
2012-02-03,0.8322
2012-02-06,0.8281
2012-02-07,0.8302
2012-02-08,0.83495
2012-02-09,0.83665
2012-02-10,0.8363
2012-02-13,0.83885
2012-02-14,0.83765
2012-02-15,0.8348
2012-02-16,0.82845
2012-02-17,0.8311
2012-02-20,0.8364
2012-02-21,0.8364
2012-02-22,0.8442
2012-02-23,0.8461
2012-02-24,0.84815
2012-02-27,0.845
2012-02-28,0.8479
2012-02-29,0.8439
2012-03-01,0.8349
2012-03-02,0.8327
2012-03-05,0.83465
2012-03-06,0.83255
2012-03-07,0.8349
2012-03-08,0.83865
2012-03-09,0.83595
2012-03-12,0.8392
2012-03-13,0.83575
2012-03-14,0.8314
2012-03-15,0.83345
2012-03-16,0.8295
2012-03-19,0.82845
2012-03-20,0.8322
2012-03-21,0.83495
2012-03-22,0.8333
2012-03-23,0.8363
2012-03-26,0.8352
2012-03-27,0.8359
2012-03-28,0.839
2012-03-29,0.8358
2012-03-30,0.8339
2012-04-02,0.83105
2012-04-03,0.83255
2012-04-04,0.8285
2012-04-05,0.8242
2012-04-10,0.8269
2012-04-11,0.82595
2012-04-12,0.8247
2012-04-13,0.8248
2012-04-16,0.8227
2012-04-17,0.8234
2012-04-18,0.81915
2012-04-19,0.8171
2012-04-20,0.81875
2012-04-23,0.8166
2012-04-24,0.8154
2012-04-25,0.8194
2012-04-26,0.8164
2012-04-27,0.8153
2012-04-30,0.81295
2012-05-02,0.81205
2012-05-03,0.81125
2012-05-04,0.81195
2012-05-07,0.80647
2012-05-08,0.80645
2012-05-09,0.80495
2012-05-10,0.8018
2012-05-11,0.8033
2012-05-14,0.8
2012-05-15,0.8001
2012-05-16,0.79925
2012-05-17,0.8008
2012-05-18,0.8042
2012-05-21,0.8075
2012-05-22,0.8087
2012-05-23,0.8044
2012-05-24,0.80095
2012-05-25,0.8003
2012-05-28,0.8001
2012-05-29,0.7994
2012-05-30,0.79775
2012-05-31,0.7999
2012-06-01,0.805
2012-06-04,0.80845
2012-06-05,0.81005
2012-06-06,0.8063
2012-06-07,0.8086
2012-06-08,0.80795
2012-06-11,0.8077
2012-06-12,0.80385
2012-06-13,0.8063
2012-06-14,0.8092
2012-06-15,0.8119
2012-06-18,0.806
2012-06-19,0.8052
2012-06-20,0.806
2012-06-21,0.80695
2012-06-22,0.8042
2012-06-25,0.80285
2012-06-26,0.7996
2012-06-27,0.7999
2012-06-28,0.79885
2012-06-29,0.8068
2012-07-02,0.8041
2012-07-03,0.80275
2012-07-04,0.8032
2012-07-05,0.7984
2012-07-06,0.7965
2012-07-09,0.7936
2012-07-10,0.7921
2012-07-11,0.78815
2012-07-12,0.7886
2012-07-13,0.7875
2012-07-16,0.7844
2012-07-17,0.78615
2012-07-18,0.784
2012-07-19,0.783
2012-07-20,0.77835
2012-07-23,0.7798
2012-07-24,0.7785
2012-07-25,0.7832
2012-07-26,0.7828
2012-07-27,0.78295
2012-07-30,0.77985
2012-07-31,0.78395
2012-08-01,0.7875
2012-08-02,0.7904
2012-08-03,0.78745
2012-08-06,0.795
2012-08-07,0.7934
2012-08-08,0.7888
2012-08-09,0.7871
2012-08-10,0.7861
2012-08-13,0.78615
2012-08-14,0.786
2012-08-15,0.7826
2012-08-16,0.78195
2012-08-17,0.78515
2012-08-20,0.78345
2012-08-21,0.78835
2012-08-22,0.78785
2012-08-23,0.7911
2012-08-24,0.7896
2012-08-27,0.79244
2012-08-28,0.7947
2012-08-29,0.7918
2012-08-30,0.7911
2012-08-31,0.79525
2012-09-03,0.7912
2012-09-04,0.7921
2012-09-05,0.79035
2012-09-06,0.7936
2012-09-07,0.7967
2012-09-10,0.7997
2012-09-11,0.7978
2012-09-12,0.8017
2012-09-13,0.80145
2012-09-14,0.80745
2012-09-17,0.80695
2012-09-18,0.8035
2012-09-19,0.8027
2012-09-20,0.80017
2012-09-21,0.7987
2012-09-24,0.7968
2012-09-25,0.7965
2012-09-26,0.7949
2012-09-27,0.7939
2012-09-28,0.79805
2012-10-01,0.7983
2012-10-02,0.8006
2012-10-03,0.80085
2012-10-04,0.80395
2012-10-05,0.80325
2012-10-08,0.8084
2012-10-09,0.8079
2012-10-10,0.80495
2012-10-11,0.80525
2012-10-12,0.8065
2012-10-15,0.80745
2012-10-16,0.8097
2012-10-17,0.8115
2012-10-18,0.8119
2012-10-19,0.81275
2012-10-22,0.8145
2012-10-23,0.81365
2012-10-24,0.8083
2012-10-25,0.8049
2012-10-26,0.8012
2012-10-29,0.80455
2012-10-30,0.8062
2012-10-31,0.80645
2012-11-01,0.80315
2012-11-02,0.8016
2012-11-05,0.7999
2012-11-06,0.80095
2012-11-07,0.7984
2012-11-08,0.79655
2012-11-09,0.79725
2012-11-12,0.802
2012-11-13,0.79965
2012-11-14,0.8026
2012-11-15,0.80545
2012-11-16,0.80245
2012-11-19,0.8032
2012-11-20,0.80465
2012-11-21,0.8037
2012-11-22,0.8077
2012-11-23,0.8101
2012-11-26,0.80995
2012-11-27,0.8081
2012-11-28,0.80687
2012-11-29,0.81053
2012-11-30,0.8108
2012-12-03,0.8121
2012-12-04,0.8123
2012-12-05,0.8119
2012-12-06,0.81135
2012-12-07,0.8061
2012-12-10,0.8044
2012-12-11,0.8074
2012-12-12,0.80775
2012-12-13,0.81005
2012-12-14,0.8115
2012-12-17,0.812
2012-12-18,0.8128
2012-12-19,0.8161
2012-12-20,0.8146
2012-12-21,0.8142
2012-12-24,0.8175
2012-12-27,0.8199
2012-12-28,0.81695
2012-12-31,0.8161
2013-01-02,0.814
2013-01-03,0.81075
2013-01-04,0.8123
2013-01-07,0.8117
2013-01-08,0.8145
2013-01-09,0.81505
2013-01-10,0.8172
2013-01-11,0.8232
2013-01-14,0.8312
2013-01-15,0.83025
2013-01-16,0.8301
2013-01-17,0.8341
2013-01-18,0.8372
2013-01-21,0.839
2013-01-22,0.83965
2013-01-23,0.8407
2013-01-24,0.8439
2013-01-25,0.8514
2013-01-28,0.8545
2013-01-29,0.8536
2013-01-30,0.8583
2013-01-31,0.857
2013-02-01,0.8617
2013-02-04,0.8619
2013-02-05,0.8599
2013-02-06,0.8631
2013-02-07,0.8624
2013-02-08,0.84635
2013-02-11,0.8535
2013-02-12,0.8615
2013-02-13,0.866
2013-02-14,0.8594
2013-02-15,0.8604
2013-02-18,0.8619
2013-02-19,0.8631
2013-02-20,0.8733
2013-02-21,0.8642
2013-02-22,0.86205
2013-02-25,0.8789
2013-02-26,0.8633
2013-02-27,0.86405
2013-02-28,0.863
2013-03-01,0.8647
2013-03-04,0.864
2013-03-05,0.8598
2013-03-06,0.8644
2013-03-07,0.865
2013-03-08,0.871
2013-03-11,0.87335
2013-03-12,0.8763
2013-03-13,0.8678
2013-03-14,0.8657
2013-03-15,0.864
2013-03-18,0.8562
2013-03-19,0.85585
2013-03-20,0.8552
2013-03-21,0.85165
2013-03-22,0.8528
2013-03-25,0.8516
2013-03-26,0.849
2013-03-27,0.84515
2013-03-28,0.8456
2013-04-02,0.8469
2013-04-03,0.8484
2013-04-04,0.84745
2013-04-05,0.8491
2013-04-08,0.85095
2013-04-09,0.85175
2013-04-10,0.8548
2013-04-11,0.852
2013-04-12,0.8497
2013-04-15,0.8529
2013-04-16,0.8569
2013-04-17,0.8613
2013-04-18,0.8548
2013-04-19,0.8544
2013-04-22,0.8563
2013-04-23,0.85165
2013-04-24,0.8525
2013-04-25,0.8458
2013-04-26,0.84
2013-04-29,0.844
2013-04-30,0.8443
2013-05-02,0.8466
2013-05-03,0.8431
2013-05-06,0.8431
2013-05-07,0.8442
2013-05-08,0.8469
2013-05-09,0.84435
2013-05-10,0.8443
2013-05-13,0.8441
2013-05-14,0.84815
2013-05-15,0.8464
2013-05-16,0.8455
2013-05-17,0.84475
2013-05-20,0.8456
2013-05-21,0.8491
2013-05-22,0.8557
2013-05-23,0.85515
2013-05-24,0.85695
2013-05-27,0.8556
2013-05-28,0.8553
2013-05-29,0.85695
2013-05-30,0.8557
2013-05-31,0.85365
2013-06-03,0.8518
2013-06-04,0.8558
2013-06-05,0.85105
2013-06-06,0.8491
2013-06-07,0.8513
2013-06-10,0.8504
2013-06-11,0.8539
2013-06-12,0.84825
2013-06-13,0.8495
2013-06-14,0.8515
2013-06-17,0.84755
2013-06-18,0.8562
2013-06-19,0.8558
2013-06-20,0.8545
2013-06-21,0.8533
2013-06-24,0.85115
2013-06-25,0.8486
2013-06-26,0.8482
2013-06-27,0.8531
2013-06-28,0.8572
2013-07-01,0.85625
2013-07-02,0.8579
2013-07-03,0.8492
2013-07-04,0.8598
2013-07-05,0.86055
2013-07-08,0.8616
2013-07-09,0.865
2013-07-10,0.8602
2013-07-11,0.8629
2013-07-12,0.8627
2013-07-15,0.8647
2013-07-16,0.8693
2013-07-17,0.86315
2013-07-18,0.8609
2013-07-19,0.85995
2013-07-22,0.859
2013-07-23,0.85955
2013-07-24,0.8626
2013-07-25,0.8637
2013-07-26,0.86105
2013-07-29,0.8634
2013-07-30,0.86735
2013-07-31,0.8735
2013-08-01,0.8692
2013-08-02,0.87135
2013-08-05,0.86425
2013-08-06,0.86575
2013-08-07,0.85955
2013-08-08,0.862
2013-08-09,0.86135
2013-08-12,0.8586
2013-08-13,0.85955
2013-08-14,0.8544
2013-08-15,0.8533
2013-08-16,0.85325
2013-08-19,0.8529
2013-08-20,0.8549
2013-08-21,0.85295
2013-08-22,0.85505
2013-08-23,0.8591
2013-08-26,0.8585
2013-08-27,0.8609
2013-08-28,0.8632
2013-08-29,0.8549
2013-08-30,0.85395
2013-09-02,0.84775
2013-09-03,0.8473
2013-09-04,0.8438
2013-09-05,0.8431
2013-09-06,0.842
2013-09-09,0.8413
2013-09-10,0.8438
2013-09-11,0.8414
2013-09-12,0.841
2013-09-13,0.8399
2013-09-16,0.8385
2013-09-17,0.8397
2013-09-18,0.8358
2013-09-19,0.842
2013-09-20,0.8436
2013-09-23,0.84115
2013-09-24,0.84431
2013-09-25,0.84165
2013-09-26,0.8418
2013-09-27,0.84
2013-09-30,0.83605
2013-10-01,0.8345
2013-10-02,0.8341
2013-10-03,0.8394
2013-10-04,0.8469
2013-10-07,0.8437
2013-10-08,0.84265
2013-10-09,0.8464
2013-10-10,0.8481
2013-10-11,0.849
2013-10-14,0.8483
2013-10-15,0.84635
2013-10-16,0.8459
2013-10-17,0.8476
2013-10-18,0.84515
2013-10-21,0.8465
2013-10-22,0.8476
2013-10-23,0.8516
2013-10-24,0.8537
2013-10-25,0.8519
2013-10-28,0.8534
2013-10-29,0.8567
2013-10-30,0.8559
2013-10-31,0.8502
2013-11-01,0.84635
2013-11-04,0.8456
2013-11-05,0.8403
2013-11-06,0.8403
2013-11-07,0.8321
2013-11-08,0.83525
2013-11-11,0.8381
2013-11-12,0.8447
2013-11-13,0.8399
2013-11-14,0.83715
2013-11-15,0.8377
2013-11-18,0.8388
2013-11-19,0.8385
2013-11-20,0.83765
2013-11-21,0.835
2013-11-22,0.8344
2013-11-25,0.8348
2013-11-26,0.8383
2013-11-27,0.83405
2013-11-28,0.83215
2013-11-29,0.83275
2013-12-02,0.82605
2013-12-03,0.8271
2013-12-04,0.83
2013-12-05,0.8313
2013-12-06,0.8358
2013-12-09,0.83765
2013-12-10,0.83645
2013-12-11,0.84025
2013-12-12,0.8397
2013-12-13,0.8437
2013-12-16,0.84385
2013-12-17,0.8456
2013-12-18,0.8401
2013-12-19,0.8349
2013-12-20,0.8348
2013-12-23,0.8377
2013-12-24,0.83603
2013-12-27,0.83665
2013-12-30,0.8364
2013-12-31,0.8337
2014-01-02,0.8282
2014-01-03,0.83045
2014-01-06,0.8303
2014-01-07,0.83115
2014-01-08,0.8277
2014-01-09,0.82575
2014-01-10,0.828
2014-01-13,0.8317
2014-01-14,0.83145
2014-01-15,0.8302
2014-01-16,0.83215
2014-01-17,0.8262
2014-01-20,0.8262
2014-01-21,0.8239
2014-01-22,0.819
2014-01-23,0.82175
2014-01-24,0.8291
2014-01-27,0.82505
2014-01-28,0.82285
2014-01-29,0.8221
2014-01-30,0.8238
2014-01-31,0.82135
2014-02-03,0.8259
2014-02-04,0.82905
2014-02-05,0.8322
2014-02-06,0.82875
2014-02-07,0.8314
2014-02-10,0.8316
2014-02-11,0.83075
2014-02-12,0.8216
2014-02-13,0.8215
2014-02-14,0.82035
2014-02-17,0.81885
2014-02-18,0.8233
2014-02-19,0.8251
2014-02-20,0.822
2014-02-21,0.82183
2014-02-24,0.82465
2014-02-25,0.82395
2014-02-26,0.8226
2014-02-27,0.82035
2014-02-28,0.82625
2014-03-03,0.82305
2014-03-04,0.8246
2014-03-05,0.8217
2014-03-06,0.8234
2014-03-07,0.8285
2014-03-10,0.8338
2014-03-11,0.8336
2014-03-12,0.8359
2014-03-13,0.83545
2014-03-14,0.83665
2014-03-17,0.83675
2014-03-18,0.8383
2014-03-19,0.8368
2014-03-20,0.83455
2014-03-21,0.8357
2014-03-24,0.8354
2014-03-25,0.8348
2014-03-26,0.8336
2014-03-27,0.8277
2014-03-28,0.8272
2014-03-31,0.8282
2014-04-01,0.8292
2014-04-02,0.828
2014-04-03,0.8297
2014-04-04,0.8267
2014-04-07,0.8271
2014-04-08,0.8242
2014-04-09,0.82375
2014-04-10,0.8272
2014-04-11,0.8291
2014-04-14,0.8274
2014-04-15,0.8251
2014-04-16,0.8239
2014-04-17,0.8243
2014-04-22,0.8205
2014-04-23,0.8239
2014-04-24,0.823
2014-04-25,0.82285
2014-04-28,0.8228
2014-04-29,0.8222
2014-04-30,0.823
2014-05-02,0.8214
2014-05-05,0.82293
2014-05-06,0.82115
2014-05-07,0.8207
2014-05-08,0.8233
2014-05-09,0.81725
2014-05-12,0.81515
2014-05-13,0.81395
2014-05-14,0.8177
2014-05-15,0.8152
2014-05-16,0.8148
2014-05-19,0.8146
2014-05-20,0.814
2014-05-21,0.8094
2014-05-22,0.8104
2014-05-23,0.80935
2014-05-26,0.8099
2014-05-27,0.811
2014-05-28,0.8125
2014-05-29,0.8145
2014-05-30,0.8131
2014-06-02,0.8129
2014-06-03,0.8147
2014-06-04,0.813
2014-06-05,0.8103
2014-06-06,0.8108
2014-06-09,0.80985
2014-06-10,0.8075
2014-06-11,0.807
2014-06-12,0.8039
2014-06-13,0.7979
2014-06-16,0.7974
2014-06-17,0.7994
2014-06-18,0.8005
2014-06-19,0.79985
2014-06-20,0.7975
2014-06-23,0.7994
2014-06-24,0.8015
2014-06-25,0.80225
2014-06-26,0.7991
2014-06-27,0.79965
2014-06-30,0.8015
2014-07-01,0.7981
2014-07-02,0.7958
2014-07-03,0.7965
2014-07-04,0.7926
2014-07-07,0.79385
2014-07-08,0.79385
2014-07-09,0.79555
2014-07-10,0.79505
2014-07-11,0.7941
2014-07-14,0.7966
2014-07-15,0.7931
2014-07-16,0.7903
2014-07-17,0.7909
2014-07-18,0.79155
2014-07-21,0.7915
2014-07-22,0.7905
2014-07-23,0.7908
2014-07-24,0.79215
2014-07-25,0.79115
2014-07-28,0.79055
2014-07-29,0.7924
2014-07-30,0.7917
2014-07-31,0.7928
2014-08-01,0.7961
2014-08-04,0.7972
2014-08-05,0.7939
2014-08-06,0.79285
2014-08-07,0.794
2014-08-08,0.7967
2014-08-11,0.7976
2014-08-12,0.7955
2014-08-13,0.7997
2014-08-14,0.8016
2014-08-15,0.80215
2014-08-18,0.8002
2014-08-19,0.80265
2014-08-20,0.7981
2014-08-21,0.79925
2014-08-22,0.8003
2014-08-25,0.79567
2014-08-26,0.79605
2014-08-27,0.794
2014-08-28,0.7945
2014-08-29,0.7953
2014-09-01,0.79025
2014-09-02,0.7933
2014-09-03,0.79855
2014-09-04,0.7932
2014-09-05,0.79455
2014-09-08,0.80235
2014-09-09,0.8005
2014-09-10,0.80125
2014-09-11,0.7958
2014-09-12,0.7966
2014-09-15,0.79495
2014-09-16,0.7992
2014-09-17,0.7936
2014-09-18,0.7883
2014-09-19,0.7865
2014-09-22,0.7866
2014-09-23,0.786
2014-09-24,0.7823
2014-09-25,0.7804
2014-09-26,0.7807
2014-09-29,0.7827
2014-09-30,0.7773
2014-10-01,0.7782
2014-10-02,0.7824
2014-10-03,0.78525
2014-10-06,0.78575
2014-10-07,0.784
2014-10-08,0.787
2014-10-09,0.7875
2014-10-10,0.7882
2014-10-13,0.788
2014-10-14,0.7945
2014-10-15,0.7957
2014-10-16,0.797
2014-10-17,0.7955
2014-10-20,0.7914
2014-10-21,0.79
2014-10-22,0.7909
2014-10-23,0.7904
2014-10-24,0.7887
2014-10-27,0.7871
2014-10-28,0.7881
2014-10-29,0.79095
2014-10-30,0.7872
2014-10-31,0.78425
2014-11-03,0.78085
2014-11-04,0.7819
2014-11-05,0.7843
2014-11-06,0.78615
2014-11-07,0.7834
2014-11-10,0.7852
2014-11-11,0.7836
2014-11-12,0.788
2014-11-13,0.7912
2014-11-14,0.7944
2014-11-17,0.7989
2014-11-18,0.7994
2014-11-19,0.79965
2014-11-20,0.7989
2014-11-21,0.7921
2014-11-24,0.7916
2014-11-25,0.7929
2014-11-26,0.79095
2014-11-27,0.792
2014-11-28,0.7953
2014-12-01,0.7927
2014-12-02,0.7936
2014-12-03,0.7862
2014-12-04,0.7861
2014-12-05,0.7881
2014-12-08,0.7845
2014-12-09,0.79015
2014-12-10,0.78975
2014-12-11,0.7927
2014-12-12,0.7925
2014-12-15,0.7936
2014-12-16,0.7965
2014-12-17,0.7932
2014-12-18,0.7865
2014-12-19,0.7847
2014-12-22,0.7849
2014-12-23,0.7867
2014-12-24,0.7865
2014-12-29,0.7842
2014-12-30,0.7823
2014-12-31,0.7789
2015-01-02,0.78
2015-01-05,0.7827
2015-01-06,0.7842
2015-01-07,0.7823
2015-01-08,0.7811
2015-01-09,0.7799
2015-01-12,0.7791
2015-01-13,0.7767
2015-01-14,0.7753
2015-01-15,0.7672
2015-01-16,0.7637
2015-01-19,0.7664
2015-01-20,0.7637
2015-01-21,0.7671
2015-01-22,0.7644
2015-01-23,0.7473
2015-01-26,0.74895
2015-01-27,0.74725
2015-01-28,0.7466
2015-01-29,0.74775
2015-01-30,0.7511
2015-02-02,0.7526
2015-02-03,0.75395
2015-02-04,0.7516
2015-02-05,0.7482
2015-02-06,0.7473
2015-02-09,0.7415
2015-02-10,0.742
2015-02-11,0.7396
2015-02-12,0.7376
2015-02-13,0.7401
2015-02-16,0.7421
2015-02-17,0.7434
2015-02-18,0.7372
2015-02-19,0.7379
2015-02-20,0.7348
2015-02-23,0.7352
2015-02-24,0.7344
2015-02-25,0.7328
2015-02-26,0.7301
2015-02-27,0.7278
2015-03-02,0.7294
2015-03-03,0.7276
2015-03-04,0.7259
2015-03-05,0.7251
2015-03-06,0.722
2015-03-09,0.7186
2015-03-10,0.7128
2015-03-11,0.70355
2015-03-12,0.7091
2015-03-13,0.71525
2015-03-16,0.7131
2015-03-17,0.71995
2015-03-18,0.723
2015-03-19,0.7183
2015-03-20,0.7255
2015-03-23,0.7318
2015-03-24,0.7344
2015-03-25,0.7365
2015-03-26,0.7371
2015-03-27,0.7298
2015-03-30,0.7328
2015-03-31,0.7273
2015-04-01,0.7285
2015-04-02,0.7316
2015-04-07,0.7286
2015-04-08,0.7264
2015-04-09,0.7268
2015-04-10,0.7244
2015-04-13,0.7215
2015-04-14,0.7217
2015-04-15,0.7168
2015-04-16,0.7189
2015-04-17,0.7199
2015-04-20,0.71955
2015-04-21,0.7187
2015-04-22,0.7129
2015-04-23,0.717
2015-04-24,0.7159
2015-04-27,0.7162
2015-04-28,0.715
2015-04-29,0.7161
2015-04-30,0.7267
2015-05-04,0.73788
2015-05-05,0.735
2015-05-06,0.7376
2015-05-07,0.7425
2015-05-08,0.728
2015-05-11,0.7196
2015-05-12,0.7164
2015-05-13,0.7174
2015-05-14,0.7231
2015-05-15,0.7211
2015-05-18,0.727
2015-05-19,0.72185
2015-05-20,0.7157
2015-05-21,0.7099
2015-05-22,0.7138
2015-05-25,0.71
2015-05-26,0.7096
2015-05-27,0.707
2015-05-28,0.7124
2015-05-29,0.719
2015-06-01,0.71925
2015-06-02,0.7243
2015-06-03,0.7275
2015-06-04,0.7354
2015-06-05,0.7317
2015-06-08,0.7318
2015-06-09,0.7354
2015-06-10,0.7284
2015-06-11,0.7266
2015-06-12,0.7245
2015-06-15,0.7234
2015-06-16,0.7182
2015-06-17,0.717
2015-06-18,0.7167
2015-06-19,0.7134
2015-06-22,0.7169
2015-06-23,0.7101
2015-06-24,0.7118
2015-06-25,0.7126
2015-06-26,0.7123
2015-06-29,0.7085
2015-06-30,0.7114
2015-07-01,0.70905
2015-07-02,0.7103
2015-07-03,0.7102
2015-07-06,0.708
2015-07-07,0.7077
2015-07-08,0.7173
2015-07-09,0.7176
2015-07-10,0.7208
2015-07-13,0.7115
2015-07-14,0.7084
2015-07-15,0.7045
2015-07-16,0.6981
2015-07-17,0.6983
2015-07-20,0.6971
2015-07-21,0.6987
2015-07-22,0.6982
2015-07-23,0.7044
2015-07-24,0.7069
2015-07-27,0.7127
2015-07-28,0.7074
2015-07-29,0.7053
2015-07-30,0.701
2015-07-31,0.7041
2015-08-03,0.7028
2015-08-04,0.70275
2015-08-05,0.6963
2015-08-06,0.7014
2015-08-07,0.7051
2015-08-10,0.7071
2015-08-11,0.7088
2015-08-12,0.7149
2015-08-13,0.7106
2015-08-14,0.7145
2015-08-17,0.7105
2015-08-18,0.7042
2015-08-19,0.7049
2015-08-20,0.7138
2015-08-21,0.7198
2015-08-24,0.7302
2015-08-25,0.729
2015-08-26,0.7314
2015-08-27,0.7312
2015-08-28,0.7321
2015-08-31,0.72753
2015-09-01,0.7328
2015-09-02,0.7369
2015-09-03,0.7345
2015-09-04,0.7315
2015-09-07,0.73035
2015-09-08,0.7244
2015-09-09,0.7251
2015-09-10,0.72655
2015-09-11,0.7306
2015-09-14,0.7334
2015-09-15,0.7346
2015-09-16,0.72665
2015-09-17,0.72865
2015-09-18,0.7298
2015-09-21,0.7243
2015-09-22,0.7223
2015-09-23,0.7297
2015-09-24,0.7387
2015-09-25,0.73475
2015-09-28,0.7352
2015-09-29,0.7391
2015-09-30,0.7385
2015-10-01,0.7367
2015-10-02,0.7358
2015-10-05,0.7402
2015-10-06,0.7399
2015-10-07,0.7358
2015-10-08,0.7366
2015-10-09,0.7407
2015-10-12,0.7401
2015-10-13,0.748
2015-10-14,0.7418
2015-10-15,0.7397
2015-10-16,0.7356
2015-10-19,0.7317
2015-10-20,0.7352
2015-10-21,0.7349
2015-10-22,0.7314
2015-10-23,0.71955
2015-10-26,0.7184
2015-10-27,0.7214
2015-10-28,0.7248
2015-10-29,0.7167
2015-10-30,0.7182
2015-11-02,0.7132
2015-11-03,0.71315
2015-11-04,0.7094
2015-11-05,0.7126
2015-11-06,0.71765
2015-11-09,0.7141
2015-11-10,0.7084
2015-11-11,0.706
2015-11-12,0.7064
2015-11-13,0.70705
2015-11-16,0.7058
2015-11-17,0.7017
2015-11-18,0.7009
2015-11-19,0.6998
2015-11-20,0.701
2015-11-23,0.7025
2015-11-24,0.7062
2015-11-25,0.70175
2015-11-26,0.7028
2015-11-27,0.7029
2015-11-30,0.7048
2015-12-01,0.7036
2015-12-02,0.7059
2015-12-03,0.7122
2015-12-04,0.7201
2015-12-07,0.7177
2015-12-08,0.7271
2015-12-09,0.7251
2015-12-10,0.7235
2015-12-11,0.7224
2015-12-14,0.726
2015-12-15,0.7252
2015-12-16,0.7283
2015-12-17,0.7266
2015-12-18,0.72666
2015-12-21,0.72985
2015-12-22,0.7362
2015-12-23,0.733
2015-12-24,0.7342
2015-12-28,0.73535
2015-12-29,0.74005
2015-12-30,0.73799
2015-12-31,0.73395
2016-01-04,0.7381
2016-01-05,0.73235
2016-01-06,0.7344
2016-01-07,0.74545
2016-01-08,0.74519
2016-01-11,0.74705
2016-01-12,0.7508
2016-01-13,0.7502
2016-01-14,0.75703
2016-01-15,0.7615
2016-01-18,0.76263
2016-01-19,0.76473
2016-01-20,0.77
2016-01-21,0.77182
2016-01-22,0.75459
2016-01-25,0.7589
2016-01-26,0.76095
2016-01-27,0.75965
2016-01-28,0.76228
2016-01-29,0.7641
2016-02-01,0.761
2016-02-02,0.7586
2016-02-03,0.7533
2016-02-04,0.76595
2016-02-05,0.76975
2016-02-08,0.7724
2016-02-09,0.77945
2016-02-10,0.77328
2016-02-11,0.7874
2016-02-12,0.77735
2016-02-15,0.772
2016-02-16,0.7758
2016-02-17,0.77835
2016-02-18,0.77143
2016-02-19,0.77715
2016-02-22,0.78243
2016-02-23,0.77985
2016-02-24,0.78935
2016-02-25,0.7892
2016-02-26,0.78745
2016-02-29,0.7858
2016-03-01,0.778
2016-03-02,0.7741
2016-03-03,0.77435
2016-03-04,0.77483
2016-03-07,0.77438
2016-03-08,0.77608
2016-03-09,0.77135
2016-03-10,0.76728
2016-03-11,0.77595
2016-03-14,0.77428
2016-03-15,0.78358
2016-03-16,0.7873
2016-03-17,0.78218
2016-03-18,0.77855
2016-03-21,0.78303
2016-03-22,0.7879
2016-03-23,0.78985
2016-03-24,0.78938
2016-03-29,0.7845
2016-03-30,0.7858
2016-03-31,0.79155
2016-04-01,0.7989
2016-04-04,0.79738
2016-04-05,0.8016
2016-04-06,0.80808
2016-04-07,0.80728
2016-04-08,0.8073
2016-04-11,0.8006
2016-04-12,0.7984
2016-04-13,0.79388
2016-04-14,0.7956
2016-04-15,0.79575
2016-04-18,0.7978
2016-04-19,0.78975
2016-04-20,0.791
2016-04-21,0.78693
2016-04-22,0.78335
2016-04-25,0.7764
2016-04-26,0.77483
2016-04-27,0.77475
2016-04-28,0.77838
2016-04-29,0.78025
2016-05-02,0.78248
2016-05-03,0.79103
2016-05-04,0.79284
2016-05-05,0.7886
2016-05-06,0.7885
2016-05-09,0.78998
2016-05-10,0.7876
2016-05-11,0.78958
2016-05-12,0.78888
2016-05-13,0.78758
2016-05-16,0.788
2016-05-17,0.7815
2016-05-18,0.77485
2016-05-19,0.76585
2016-05-20,0.77008
2016-05-23,0.77443
2016-05-24,0.76513
2016-05-25,0.75925
2016-05-26,0.7597
2016-05-27,0.76245
2016-05-30,0.76125
2016-05-31,0.76185
2016-06-01,0.77358
2016-06-02,0.77335
2016-06-03,0.77285
2016-06-06,0.7872
2016-06-07,0.7788
2016-06-08,0.78048
2016-06-09,0.78438
2016-06-10,0.7848
2016-06-13,0.79515
2016-06-14,0.79478
2016-06-15,0.79158
2016-06-16,0.79033
2016-06-17,0.7877
2016-06-20,0.77375
2016-06-21,0.76755
2016-06-22,0.76793
2016-06-23,0.76595
2016-06-24,0.8075
2016-06-27,0.834
2016-06-28,0.8272
2016-06-29,0.8255
2016-06-30,0.8265
2016-07-01,0.8383
2016-07-04,0.83905
2016-07-05,0.84997
2016-07-06,0.853
2016-07-07,0.85085
2016-07-08,0.85243
2016-07-11,0.85097
2016-07-12,0.84275
2016-07-13,0.83398
2016-07-14,0.83311
2016-07-15,0.83275
2016-07-18,0.83372
2016-07-19,0.8395
2016-07-20,0.83605
2016-07-21,0.83595
2016-07-22,0.84108
2016-07-25,0.8367
2016-07-26,0.8371
2016-07-27,0.83875
2016-07-28,0.8422
2016-07-29,0.844
2016-08-01,0.8454
2016-08-02,0.8431
2016-08-03,0.8391
2016-08-04,0.84603
2016-08-05,0.8481
2016-08-08,0.84955
2016-08-09,0.85399
2016-08-10,0.85541
2016-08-11,0.86038
2016-08-12,0.8605
2016-08-15,0.86677
2016-08-16,0.8706
2016-08-17,0.8664
2016-08-18,0.86073
2016-08-19,0.86537
2016-08-22,0.8624
2016-08-23,0.85995
2016-08-24,0.8513
2016-08-25,0.8557
2016-08-26,0.8545
2016-08-29,0.85476
2016-08-30,0.8517
2016-08-31,0.84806
2016-09-01,0.8405
2016-09-02,0.8426
2016-09-05,0.83643
2016-09-06,0.83535
2016-09-07,0.83968
2016-09-08,0.8456
2016-09-09,0.84558
2016-09-12,0.84475
2016-09-13,0.84763
2016-09-14,0.85078
2016-09-15,0.85198
2016-09-16,0.85203
2016-09-19,0.855
2016-09-20,0.86213
2016-09-21,0.85693
2016-09-22,0.85925
2016-09-23,0.86435
2016-09-26,0.8709
2016-09-27,0.86413
2016-09-28,0.86208
2016-09-29,0.86138
2016-09-30,0.86103
2016-10-03,0.87318
2016-10-04,0.8754
2016-10-05,0.88155
2016-10-06,0.88323
2016-10-07,0.90353
2016-10-10,0.9007
2016-10-11,0.90233
2016-10-12,0.8999
2016-10-13,0.9043
2016-10-14,0.8991
2016-10-17,0.90485
2016-10-18,0.89565
2016-10-19,0.89338
2016-10-20,0.89568
2016-10-21,0.8932
2016-10-24,0.89015
2016-10-25,0.88998
2016-10-26,0.89465
2016-10-27,0.89158
2016-10-28,0.89905
2016-10-31,0.9005
2016-11-01,0.90173
2016-11-02,0.90063
2016-11-03,0.88658
2016-11-04,0.88808
2016-11-07,0.8904
2016-11-08,0.89088
2016-11-09,0.8903
2016-11-10,0.87785
2016-11-11,0.86133
2016-11-14,0.85985
2016-11-15,0.86638
2016-11-16,0.8611
2016-11-17,0.86055
2016-11-18,0.86218
2016-11-21,0.85725
2016-11-22,0.85423
2016-11-23,0.85393
2016-11-24,0.848
2016-11-25,0.85182
2016-11-28,0.85303
2016-11-29,0.84815
2016-11-30,0.8525
2016-12-01,0.84098
2016-12-02,0.84303
2016-12-05,0.84168
2016-12-06,0.8421
2016-12-07,0.85095
2016-12-08,0.84995
2016-12-09,0.83935
2016-12-12,0.839
2016-12-13,0.83488
2016-12-14,0.83963
2016-12-15,0.83598
2016-12-16,0.8389
2016-12-19,0.8414
2016-12-20,0.83978
2016-12-21,0.8424
2016-12-22,0.84645
2016-12-23,0.85278
2016-12-27,0.853
2016-12-28,0.85128
2016-12-29,0.853
2016-12-30,0.85618
2017-01-02,0.8514
2017-01-03,0.84565
2017-01-04,0.84945
2017-01-05,0.8544
2017-01-06,0.85648
2017-01-09,0.8666
2017-01-10,0.8694
2017-01-11,0.86725
2017-01-12,0.86843
2017-01-13,0.87548
2017-01-16,0.87808
2017-01-17,0.8679
2017-01-18,0.86833
2017-01-19,0.86555
2017-01-20,0.86595
2017-01-23,0.86148
2017-01-24,0.8635
2017-01-25,0.85323
2017-01-26,0.85143
2017-01-27,0.8517
2017-01-30,0.84935
2017-01-31,0.86105
2017-02-01,0.85418
2017-02-02,0.86068
2017-02-03,0.86013
2017-02-06,0.8595
2017-02-07,0.8633
2017-02-08,0.85315
2017-02-09,0.8509
2017-02-10,0.8529
2017-02-13,0.8489
2017-02-14,0.85098
2017-02-15,0.84998
2017-02-16,0.8511
2017-02-17,0.8572
2017-02-20,0.85145
2017-02-21,0.8486
2017-02-22,0.8445
2017-02-23,0.84628
2017-02-24,0.84503
2017-02-27,0.8528
2017-02-28,0.85305
2017-03-01,0.8555
2017-03-02,0.8556
2017-03-03,0.86355
2017-03-06,0.863
2017-03-07,0.8671
2017-03-08,0.86753
2017-03-09,0.86653
2017-03-10,0.8725
2017-03-13,0.87258
2017-03-14,0.87563
2017-03-15,0.87073
2017-03-16,0.8681
2017-03-17,0.86868
2017-03-20,0.86793
2017-03-21,0.86753
2017-03-22,0.8679
2017-03-23,0.86273
2017-03-24,0.866
2017-03-27,0.86403
2017-03-28,0.86455
2017-03-29,0.86385
2017-03-30,0.8618
2017-03-31,0.85553
2017-04-03,0.8526
2017-04-04,0.85623
2017-04-05,0.8551
2017-04-06,0.8559
2017-04-07,0.85573
2017-04-10,0.85335
2017-04-11,0.8533
2017-04-12,0.8484
2017-04-13,0.84763
2017-04-18,0.84375
2017-04-19,0.8343
2017-04-20,0.8392
2017-04-21,0.8372
2017-04-24,0.8483
2017-04-25,0.84928
2017-04-26,0.84903
2017-04-27,0.8442
2017-04-28,0.84473
2017-05-02,0.8452
2017-05-03,0.8444
2017-05-04,0.84765
2017-05-05,0.8471
2017-05-08,0.84465
2017-05-09,0.843
2017-05-10,0.83985
2017-05-11,0.84485
2017-05-12,0.84588
2017-05-15,0.84928
2017-05-16,0.85868
2017-05-17,0.85745
2017-05-18,0.85363
2017-05-19,0.85908
2017-05-22,0.86353
2017-05-23,0.86463
2017-05-24,0.8634
2017-05-25,0.86528
2017-05-26,0.8719
2017-05-29,0.87093
2017-05-30,0.86793
2017-05-31,0.87365
2017-06-01,0.8723
2017-06-02,0.87268
2017-06-05,0.8713
2017-06-06,0.8723
2017-06-07,0.86908
2017-06-08,0.86755
2017-06-09,0.87638
2017-06-12,0.88545
2017-06-13,0.88075
2017-06-14,0.8796
2017-06-15,0.8764
2017-06-16,0.87453
2017-06-19,0.87518
2017-06-20,0.88143
2017-06-21,0.8781
2017-06-22,0.88168
2017-06-23,0.87805
2017-06-26,0.8783
2017-06-27,0.8837
2017-06-28,0.88525
2017-06-29,0.8799
2017-06-30,0.87933
2017-07-03,0.87705
2017-07-04,0.87805
2017-07-05,0.87735
2017-07-06,0.88013
2017-07-07,0.88488
2017-07-10,0.88443
2017-07-11,0.88318
2017-07-12,0.88925
2017-07-13,0.88215
2017-07-14,0.87983
2017-07-17,0.87755
2017-07-18,0.8878
2017-07-19,0.88485
2017-07-20,0.88718
2017-07-21,0.8961
2017-07-24,0.8935
2017-07-25,0.89395
2017-07-26,0.89275
2017-07-27,0.88978
2017-07-28,0.89568
2017-07-31,0.8942
2017-08-01,0.8944
2017-08-02,0.89425
2017-08-03,0.90318
2017-08-04,0.9028
2017-08-07,0.90435
2017-08-08,0.90678
2017-08-09,0.90338
2017-08-10,0.90303
2017-08-11,0.90645
2017-08-14,0.90935
2017-08-15,0.91145
2017-08-16,0.90993
2017-08-17,0.90895
2017-08-18,0.91188
2017-08-21,0.91318
2017-08-22,0.91713
2017-08-23,0.92133
2017-08-24,0.92
2017-08-25,0.92083
2017-08-28,0.92328
2017-08-29,0.92965
2017-08-30,0.92246
2017-08-31,0.91973
2017-09-01,0.92075
2017-09-04,0.91855
2017-09-05,0.9174
2017-09-06,0.91428
2017-09-07,0.91403
2017-09-08,0.91268
2017-09-11,0.90775
2017-09-12,0.89878
2017-09-13,0.90243
2017-09-14,0.89123
2017-09-15,0.88043
2017-09-18,0.88253
2017-09-19,0.88622
2017-09-20,0.8868
2017-09-21,0.8824
2017-09-22,0.88155
2017-09-25,0.87938
2017-09-26,0.87775
2017-09-27,0.87565
2017-09-28,0.87635
2017-09-29,0.88178
2017-10-02,0.88418
2017-10-03,0.88793
2017-10-04,0.88768
2017-10-05,0.89153
2017-10-06,0.89535
2017-10-09,0.89195
2017-10-10,0.8941
2017-10-11,0.8971
2017-10-12,0.90235
2017-10-13,0.8898
2017-10-16,0.88753
2017-10-17,0.89148
2017-10-18,0.89283
2017-10-19,0.89815
2017-10-20,0.89623
2017-10-23,0.8909
2017-10-24,0.89303
2017-10-25,0.88883
2017-10-26,0.8901
2017-10-27,0.88633
2017-10-30,0.8798
2017-10-31,0.87853
2017-11-01,0.87385
2017-11-02,0.8869
2017-11-03,0.88923
2017-11-06,0.8839
2017-11-07,0.88038
2017-11-08,0.88405
2017-11-09,0.88633
2017-11-10,0.8837
2017-11-13,0.89018
2017-11-14,0.89585
2017-11-15,0.8991
2017-11-16,0.89183
2017-11-17,0.89385
2017-11-20,0.8894
2017-11-21,0.88498
2017-11-22,0.8881
2017-11-23,0.89005
2017-11-24,0.8912
2017-11-27,0.89375
2017-11-28,0.89538
2017-11-29,0.88293
2017-11-30,0.87985
2017-12-01,0.88115
2017-12-04,0.87725
2017-12-05,0.88183
2017-12-06,0.88335
2017-12-07,0.88068
2017-12-08,0.87525
2017-12-11,0.8825
2017-12-12,0.88068
2017-12-13,0.87905
2017-12-14,0.88163
2017-12-15,0.88253
2017-12-18,0.88208
2017-12-19,0.885
2017-12-20,0.8832
2017-12-21,0.88763
2017-12-22,0.88568
2017-12-27,0.88593
2017-12-28,0.88768
2017-12-29,0.88723
2018-01-02,0.88953
2018-01-03,0.8864
2018-01-04,0.89103
2018-01-05,0.88883
2018-01-08,0.88413
2018-01-09,0.8827
2018-01-10,0.8867
2018-01-11,0.89075
2018-01-12,0.88983
2018-01-15,0.89043
2018-01-16,0.8886
2018-01-17,0.88568
2018-01-18,0.88208
2018-01-19,0.88365
2018-01-22,0.88085
2018-01-23,0.8783
2018-01-24,0.87183
2018-01-25,0.87038
2018-01-26,0.87335
2018-01-29,0.8794
2018-01-30,0.8793
2018-01-31,0.8791
2018-02-01,0.8752
2018-02-02,0.8785
2018-02-05,0.88568
2018-02-06,0.88885
2018-02-07,0.88675
2018-02-08,0.87513
2018-02-09,0.8874
2018-02-12,0.886
2018-02-13,0.88935
2018-02-14,0.8904
2018-02-15,0.8866
2018-02-16,0.88803
2018-02-19,0.8859
2018-02-20,0.88168
2018-02-21,0.88463
2018-02-22,0.88343
2018-02-23,0.8794
2018-02-26,0.8782
2018-02-27,0.884
2018-02-28,0.88415
2018-03-01,0.8852
2018-03-02,0.8932
2018-03-05,0.8907
2018-03-06,0.89165
2018-03-07,0.89513
2018-03-08,0.89465
2018-03-09,0.88893
2018-03-12,0.8859
2018-03-13,0.8865
2018-03-14,0.8863
2018-03-15,0.8848
2018-03-16,0.88253
2018-03-19,0.87593
2018-03-20,0.87715
2018-03-21,0.87403
2018-03-22,0.872
2018-03-23,0.87285
2018-03-26,0.87248
2018-03-27,0.8794
2018-03-28,0.87605
2018-03-29,0.8749
2018-04-03,0.87523
2018-04-04,0.87573
2018-04-05,0.87395
2018-04-06,0.87295
2018-04-09,0.87088
2018-04-10,0.87183
2018-04-11,0.8736
2018-04-12,0.86745
2018-04-13,0.864
2018-04-16,0.86465
2018-04-17,0.8628
2018-04-18,0.87105
2018-04-19,0.86975
2018-04-20,0.87608
2018-04-23,0.8764
2018-04-24,0.87468
2018-04-25,0.8738
2018-04-26,0.871
2018-04-27,0.877
2018-04-30,0.8796
2018-05-02,0.8804
2018-05-03,0.8818
2018-05-04,0.88235
2018-05-07,0.8801
2018-05-08,0.8793
2018-05-09,0.87445
2018-05-10,0.8781
2018-05-11,0.88
2018-05-14,0.8824
2018-05-15,0.879
2018-05-16,0.87418
2018-05-17,0.8735
2018-05-18,0.87325
2018-05-21,0.8764
2018-05-22,0.87688
2018-05-23,0.87953
2018-05-24,0.87475
2018-05-25,0.8754
2018-05-28,0.87465
2018-05-29,0.87143
2018-05-30,0.875
2018-05-31,0.8768
2018-06-01,0.8768
2018-06-04,0.87673
2018-06-05,0.8739
2018-06-06,0.87683
2018-06-07,0.88123
2018-06-08,0.87733
2018-06-11,0.8818
2018-06-12,0.88175
2018-06-13,0.8821
2018-06-14,0.87683
2018-06-15,0.8732
2018-06-18,0.87655
2018-06-19,0.87693
2018-06-20,0.87878
2018-06-21,0.8737
2018-06-22,0.87663
2018-06-25,0.8804
2018-06-26,0.8816
2018-06-27,0.88173
2018-06-28,0.8852
2018-06-29,0.88605
2018-07-02,0.8865
2018-07-03,0.8835
2018-07-04,0.88108
2018-07-05,0.8831
2018-07-06,0.88595
2018-07-09,0.88345
2018-07-10,0.88338
2018-07-11,0.88482
2018-07-12,0.88263
2018-07-13,0.88488
2018-07-16,0.8827
2018-07-17,0.88725
2018-07-18,0.89118
2018-07-19,0.89298
2018-07-20,0.89445
2018-07-23,0.8917
2018-07-24,0.89178
2018-07-25,0.88855
2018-07-26,0.8886
2018-07-27,0.88823
2018-07-30,0.8907
2018-07-31,0.8922
2018-08-01,0.8904
2018-08-02,0.89145
2018-08-03,0.8905
2018-08-06,0.8928
2018-08-07,0.89483
2018-08-08,0.90085
2018-08-09,0.8994
2018-08-10,0.89675
2018-08-13,0.8933
2018-08-14,0.893
2018-08-15,0.8913
2018-08-16,0.89498
2018-08-17,0.89575
2018-08-20,0.89478
2018-08-21,0.8974
2018-08-22,0.89928
2018-08-23,0.89878
2018-08-24,0.902
2018-08-27,0.90365
2018-08-28,0.9068
2018-08-29,0.905
2018-08-30,0.89758
2018-08-31,0.8974
2018-09-03,0.90158
2018-09-04,0.90058
2018-09-05,0.90328
2018-09-06,0.89824
2018-09-07,0.89275
2018-09-10,0.8934
2018-09-11,0.89068
2018-09-12,0.89028
2018-09-13,0.89
2018-09-14,0.89228
2018-09-17,0.88875
2018-09-18,0.88963
2018-09-19,0.88813
2018-09-20,0.8859
2018-09-21,0.894
2018-09-24,0.89458
2018-09-25,0.89425
2018-09-26,0.8908
2018-09-27,0.88973
2018-09-28,0.8873
2018-10-01,0.89078
2018-10-02,0.89043
2018-10-03,0.88895
2018-10-04,0.8858
2018-10-05,0.88165
2018-10-08,0.8801
2018-10-09,0.8768
2018-10-10,0.87448
2018-10-11,0.8749
2018-10-12,0.8764
2018-10-15,0.88045
2018-10-16,0.87593
2018-10-17,0.87945
2018-10-18,0.87843
2018-10-19,0.8802
2018-10-22,0.88425
2018-10-23,0.88103
2018-10-24,0.88233
2018-10-25,0.88533
2018-10-26,0.8868
2018-10-29,0.88788
2018-10-30,0.89148
2018-10-31,0.88873
2018-11-01,0.88173
2018-11-02,0.8787
2018-11-05,0.87535
2018-11-06,0.87313
2018-11-07,0.87403
2018-11-08,0.87163
2018-11-09,0.87053
2018-11-12,0.87563
2018-11-13,0.86945
2018-11-14,0.87048
2018-11-15,0.8837
2018-11-16,0.8835
2018-11-19,0.89083
2018-11-20,0.88908
2018-11-21,0.89108
2018-11-22,0.88598
2018-11-23,0.8848
2018-11-26,0.8844
2018-11-27,0.88748
2018-11-28,0.88245
2018-11-29,0.89135
2018-11-30,0.89068
2018-12-03,0.8915
2018-12-04,0.89058
2018-12-05,0.88885
2018-12-06,0.8893
2018-12-07,0.89085
2018-12-10,0.90245
2018-12-11,0.90228
2018-12-12,0.90135
2018-12-13,0.89848
2018-12-14,0.89835
2018-12-17,0.8989
2018-12-18,0.89715
2018-12-19,0.90318
2018-12-20,0.90335
2018-12-21,0.90215
2018-12-24,0.90038
2018-12-27,0.90073
2018-12-28,0.90273
2018-12-31,0.89453
2019-01-02,0.90165
2019-01-03,0.90312
2019-01-04,0.89988
2019-01-07,0.8972
2019-01-08,0.89743
2019-01-09,0.89913
2019-01-10,0.90423
2019-01-11,0.90015
2019-01-14,0.89263
2019-01-15,0.89025
2019-01-16,0.8859
2019-01-17,0.8826
2019-01-18,0.88125
2019-01-21,0.88303
2019-01-22,0.88
2019-01-23,0.87213
2019-01-24,0.87085
2019-01-25,0.8658
2019-01-28,0.86888
2019-01-29,0.86735
2019-01-30,0.87341
2019-01-31,0.87578
2019-02-01,0.87888
2019-02-04,0.87678
2019-02-05,0.87803
2019-02-06,0.8787
2019-02-07,0.8775
2019-02-08,0.8749
2019-02-11,0.87615
2019-02-12,0.87705
2019-02-13,0.87553
2019-02-14,0.87945
2019-02-15,0.87938
2019-02-18,0.8762
2019-02-19,0.87185
2019-02-20,0.86945
2019-02-21,0.86805
2019-02-22,0.87263
2019-02-25,0.86828
2019-02-26,0.86055
2019-02-27,0.85503
2019-02-28,0.85835
2019-03-01,0.85968
2019-03-04,0.85775
2019-03-05,0.86358
2019-03-06,0.8597
2019-03-07,0.8588
2019-03-08,0.85905
2019-03-11,0.8624
2019-03-12,0.86145
2019-03-13,0.8588
2019-03-14,0.85228
2019-03-15,0.85415
2019-03-18,0.8566
2019-03-19,0.85548
2019-03-20,0.8628
2019-03-21,0.8665
2019-03-22,0.8589
2019-03-25,0.85638
2019-03-26,0.8533
2019-03-27,0.85118
2019-03-28,0.85555
2019-03-29,0.8583
2019-04-01,0.85658
2019-04-02,0.86
2019-04-03,0.8539
2019-04-04,0.85418
2019-04-05,0.85938
2019-04-08,0.86183
2019-04-09,0.86335
2019-04-10,0.86083
2019-04-11,0.86168
2019-04-12,0.8629
2019-04-15,0.86305
2019-04-16,0.8639
2019-04-17,0.86593
2019-04-18,0.8647
2019-04-23,0.8645
2019-04-24,0.86545
2019-04-25,0.86435
2019-04-26,0.8634
2019-04-29,0.8634
2019-04-30,0.86248
2019-05-02,0.8593
2019-05-03,0.85785
2019-05-06,0.8547
2019-05-07,0.85645
2019-05-08,0.86095
2019-05-09,0.8612
2019-05-10,0.8625
2019-05-13,0.8635
2019-05-14,0.86723
2019-05-15,0.8682
2019-05-16,0.87463
2019-05-17,0.87595
2019-05-20,0.8762
2019-05-21,0.8761
2019-05-22,0.8828
2019-05-23,0.881
2019-05-24,0.88318
2019-05-27,0.88225
2019-05-28,0.88373
2019-05-29,0.88225
2019-05-30,0.88178
2019-05-31,0.88693
2019-06-03,0.88618
2019-06-04,0.88738
2019-06-05,0.88631
2019-06-06,0.88558
2019-06-07,0.88675
2019-06-10,0.89248
2019-06-11,0.89085
2019-06-12,0.88805
2019-06-13,0.88948
2019-06-14,0.89093
2019-06-17,0.89208
2019-06-18,0.89403
2019-06-19,0.8902
2019-06-20,0.89155
2019-06-21,0.89425
2019-06-24,0.89365
2019-06-25,0.89485
2019-06-26,0.89603
2019-06-27,0.89428
2019-06-28,0.89655
2019-07-01,0.89718
2019-07-02,0.89443
2019-07-03,0.8975
2019-07-04,0.8973
2019-07-05,0.89703
2019-07-08,0.89625
2019-07-09,0.89975
2019-07-10,0.89928
2019-07-11,0.8979
2019-07-12,0.89788
2019-07-15,0.89873
2019-07-16,0.9026
2019-07-17,0.9034
2019-07-18,0.89853
2019-07-19,0.89635
2019-07-22,0.89968
2019-07-23,0.8983
2019-07-24,0.89143
2019-07-25,0.88963
2019-07-26,0.89633
2019-07-29,0.90443
2019-07-30,0.91653
2019-07-31,0.91623
2019-08-01,0.9115
2019-08-02,0.91505
2019-08-05,0.9188
2019-08-06,0.9183
2019-08-07,0.92353
2019-08-08,0.92115
2019-08-09,0.9282
2019-08-12,0.92615
2019-08-13,0.9283
2019-08-14,0.92673
2019-08-15,0.91863
2019-08-16,0.91033
2019-08-19,0.91583
2019-08-20,0.91623
2019-08-21,0.91545
2019-08-22,0.9115
2019-08-23,0.90453
2019-08-26,0.90808
2019-08-27,0.90435
2019-08-28,0.90823
2019-08-29,0.90531
2019-08-30,0.90565
2019-09-02,0.9082
2019-09-03,0.90885
2019-09-04,0.90255
2019-09-05,0.8958
2019-09-06,0.89635
2019-09-09,0.89275
2019-09-10,0.893
2019-09-11,0.89133
2019-09-12,0.8892
2019-09-13,0.89093
2019-09-16,0.8851
2019-09-17,0.88813
2019-09-18,0.8872
2019-09-19,0.88735
2019-09-20,0.8823
2019-09-23,0.88343
2019-09-24,0.88153
2019-09-25,0.88668
2019-09-26,0.88505
2019-09-27,0.88778
2019-09-30,0.88573
2019-10-01,0.88955
2019-10-02,0.8897
2019-10-03,0.8879
2019-10-04,0.89045
2019-10-07,0.89155
2019-10-08,0.89795
2019-10-09,0.8985
2019-10-10,0.90155
2019-10-11,0.87518
2019-10-14,0.87983
2019-10-15,0.87058
2019-10-16,0.8656
2019-10-17,0.8684
2019-10-18,0.86435
2019-10-21,0.8593
2019-10-22,0.86065
2019-10-23,0.86408
2019-10-24,0.86288
2019-10-25,0.86598
2019-10-28,0.86328
2019-10-29,0.86328
2019-10-30,0.862
2019-10-31,0.86133
2019-11-01,0.86008
2019-11-04,0.86368
2019-11-05,0.86113
2019-11-06,0.86033
2019-11-07,0.86442
2019-11-08,0.86158
2019-11-11,0.85743
2019-11-12,0.8582
2019-11-13,0.8576
2019-11-14,0.85643
2019-11-15,0.8566
2019-11-18,0.8533
2019-11-19,0.85573
2019-11-20,0.85715
2019-11-21,0.85548
2019-11-22,0.8598
2019-11-25,0.85515
2019-11-26,0.85715
2019-11-27,0.8545
2019-11-28,0.8518
2019-11-29,0.85225
2019-12-02,0.85218
2019-12-03,0.852
2019-12-04,0.8461
2019-12-05,0.8447
2019-12-06,0.84453
2019-12-09,0.84195
2019-12-10,0.84073
2019-12-11,0.84245
2019-12-12,0.8456
2019-12-13,0.83508
2019-12-16,0.83415
2019-12-17,0.84748
2019-12-18,0.85055
2019-12-19,0.85073
2019-12-20,0.85133
2019-12-23,0.85708
2019-12-24,0.85533
2019-12-27,0.8513
2019-12-30,0.85208
2019-12-31,0.8508
2020-01-02,0.84828
2020-01-03,0.85115
2020-01-06,0.85215
2020-01-07,0.85183
2020-01-08,0.84868
2020-01-09,0.85285
2020-01-10,0.8481
2020-01-13,0.8576
2020-01-14,0.85618
2020-01-15,0.85683
2020-01-16,0.8547
2020-01-17,0.85105
2020-01-20,0.85275
2020-01-21,0.8503
2020-01-22,0.84445
2020-01-23,0.84498
2020-01-24,0.84313
2020-01-27,0.84358
2020-01-28,0.84603
2020-01-29,0.8458
2020-01-30,0.84183
2020-01-31,0.84175
2020-02-03,0.84775
2020-02-04,0.8488
2020-02-05,0.84444
2020-02-06,0.84835
2020-02-07,0.8472
2020-02-10,0.84628
2020-02-11,0.84325
2020-02-12,0.84058
2020-02-13,0.83375
2020-02-14,0.83208
2020-02-17,0.83238
2020-02-18,0.82985
2020-02-19,0.83148
2020-02-20,0.8384
2020-02-21,0.8351
2020-02-24,0.83833
2020-02-25,0.8363
2020-02-26,0.8415
2020-02-27,0.84995
2020-02-28,0.85315
2020-03-02,0.87113
2020-03-03,0.8701
2020-03-04,0.8685
2020-03-05,0.8667
2020-03-06,0.87165
2020-03-09,0.87383
2020-03-10,0.87385
2020-03-11,0.8769
2020-03-12,0.88623
2020-03-13,0.8907
2020-03-16,0.90918
2020-03-17,0.90823
2020-03-18,0.9219
2020-03-19,0.92985
2020-03-20,0.91028
2020-03-23,0.9297
2020-03-24,0.921
2020-03-25,0.91503
2020-03-26,0.91348
2020-03-27,0.89743
2020-03-30,0.889
2020-03-31,0.88643
2020-04-01,0.8846
2020-04-02,0.87738
2020-04-03,0.8785
2020-04-06,0.878
2020-04-07,0.88093
2020-04-08,0.87948
2020-04-09,0.87565
2020-04-14,0.87253
2020-04-15,0.87385
2020-04-16,0.87163
2020-04-17,0.86978
2020-04-20,0.87343
2020-04-21,0.8812
2020-04-22,0.8792
2020-04-23,0.872
2020-04-24,0.87498
2020-04-27,0.87263
2020-04-28,0.87078
2020-04-29,0.87378
2020-04-30,0.86905
2020-05-04,0.87898
2020-05-05,0.8706
2020-05-06,0.87253
2020-05-07,0.87478
2020-05-08,0.87535
2020-05-11,0.87875
2020-05-12,0.87773
2020-05-13,0.88245
2020-05-14,0.88495
2020-05-15,0.88738
2020-05-18,0.89153
2020-05-19,0.89535
2020-05-20,0.89358
2020-05-21,0.89943
2020-05-22,0.89563
2020-05-25,0.89515
2020-05-26,0.88878
2020-05-27,0.89595
2020-05-28,0.89728
2020-05-29,0.90088
2020-06-01,0.89673
2020-06-02,0.89083
2020-06-03,0.89065
2020-06-04,0.89685
2020-06-05,0.89448
2020-06-08,0.89173
2020-06-09,0.8912
2020-06-10,0.88963
2020-06-11,0.89665
2020-06-12,0.89653
2020-06-15,0.89648
2020-06-16,0.8937
2020-06-17,0.89448
2020-06-18,0.90028
2020-06-19,0.90505
2020-06-22,0.90328
2020-06-23,0.9063
2020-06-24,0.90343
2020-06-25,0.90133
2020-06-26,0.90575
2020-06-29,0.9154
2020-06-30,0.91243
2020-07-01,0.9043
2020-07-02,0.90225
2020-07-03,0.9012
2020-07-06,0.90505
2020-07-07,0.9015
2020-07-08,0.89923
2020-07-09,0.89655
2020-07-10,0.8957
2020-07-13,0.89938
2020-07-14,0.90778
2020-07-15,0.9054
2020-07-16,0.90875
2020-07-17,0.91078
2020-07-20,0.90575
2020-07-21,0.90055
2020-07-22,0.91123
2020-07-23,0.91195
2020-07-24,0.90985
2020-07-27,0.9134
2020-07-28,0.90968
2020-07-29,0.90385
2020-07-30,0.90268
2020-07-31,0.90053
2020-08-03,0.90013
2020-08-04,0.90335
2020-08-05,0.90265
2020-08-06,0.90033
2020-08-07,0.90373
2020-08-10,0.90155
2020-08-11,0.89843
2020-08-12,0.90475
2020-08-13,0.90373
2020-08-14,0.90173
2020-08-17,0.90625
2020-08-18,0.90375
2020-08-19,0.90345
2020-08-20,0.90173
2020-08-21,0.89755
2020-08-24,0.90175
2020-08-25,0.89945
2020-08-26,0.8969
2020-08-27,0.89505
2020-08-28,0.89468
2020-08-31,0.89605
2020-09-01,0.88975
2020-09-02,0.8884
2020-09-03,0.89135
2020-09-04,0.89325
2020-09-07,0.89835
2020-09-08,0.90453
2020-09-09,0.91213
2020-09-10,0.9159
2020-09-11,0.92408
2020-09-14,0.9219
2020-09-15,0.92095
2020-09-16,0.91423
2020-09-17,0.9153
2020-09-18,0.91318
2020-09-21,0.91608
2020-09-22,0.91743
2020-09-23,0.91885
2020-09-24,0.91228
2020-09-25,0.91343
2020-09-28,0.90508
2020-09-29,0.90963
2020-09-30,0.91235
2020-10-01,0.90723
2020-10-02,0.90673
2020-10-05,0.9081
2020-10-06,0.91058
2020-10-07,0.91413
2020-10-08,0.91035
2020-10-09,0.91167
2020-10-12,0.90598
2020-10-13,0.90591
2020-10-14,0.90395
2020-10-15,0.90535
2020-10-16,0.90915
2020-10-19,0.90588
2020-10-20,0.91329
2020-10-21,0.90754
2020-10-22,0.90273
2020-10-23,0.90675
2020-10-26,0.90755
2020-10-27,0.90718
2020-10-28,0.90662
2020-10-29,0.9043
2020-10-30,0.90208
2020-11-02,0.90053
2020-11-03,0.90042
2020-11-04,0.89954
2020-11-05,0.9045
2020-11-06,0.9043
2020-11-09,0.90224
2020-11-10,0.89183
2020-11-11,0.88935
2020-11-12,0.89765
2020-11-13,0.89683
2020-11-16,0.89819
2020-11-17,0.89585
2020-11-18,0.89373
2020-11-19,0.89378
2020-11-20,0.89393
2020-11-23,0.88888
2020-11-24,0.89012
2020-11-25,0.89129
2020-11-26,0.89129
2020-11-27,0.89442
2020-11-30,0.89845
2020-12-01,0.89798
2020-12-02,0.9049
2020-12-03,0.90358
2020-12-04,0.90282
2020-12-07,0.91215
2020-12-08,0.91143
2020-12-09,0.9
2020-12-10,0.911
2020-12-11,0.92294
2020-12-14,0.907
2020-12-15,0.90795
2020-12-16,0.8995
2020-12-17,0.9005
2020-12-18,0.90828
2020-12-21,0.9161
2020-12-22,0.91148
2020-12-23,0.907
2020-12-24,0.89795
2020-12-28,0.90408
2020-12-29,0.90863
2020-12-30,0.90307
2020-12-31,0.89903
2021-01-04,0.9016
2021-01-05,0.90333
2021-01-06,0.90635
2021-01-07,0.9019
2021-01-08,0.90128
2021-01-11,0.90235
2021-01-12,0.8944
2021-01-13,0.88983
2021-01-14,0.88943
2021-01-15,0.88998
2021-01-18,0.89073
2021-01-19,0.891
2021-01-20,0.88563
2021-01-21,0.88625
2021-01-22,0.89045
2021-01-25,0.888
2021-01-26,0.88698
2021-01-27,0.88395
2021-01-28,0.88603
2021-01-29,0.88383
2021-02-01,0.882
2021-02-02,0.88075
2021-02-03,0.88145
2021-02-04,0.87693
2021-02-05,0.87538
2021-02-08,0.87833
2021-02-09,0.87828
2021-02-10,0.8765
2021-02-11,0.87755
2021-02-12,0.87753
2021-02-15,0.87225
2021-02-16,0.87333
2021-02-17,0.8696
2021-02-18,0.8654
2021-02-19,0.86508
2021-02-22,0.8653
2021-02-23,0.86308
2021-02-24,0.8603
2021-02-25,0.86408
2021-02-26,0.87053
2021-03-01,0.86558
2021-03-02,0.86433
2021-03-03,0.86351
2021-03-04,0.8627
2021-03-05,0.863
2021-03-08,0.85728
2021-03-09,0.85704
2021-03-10,0.85655
2021-03-11,0.8567
2021-03-12,0.85835
2021-03-15,0.8567
2021-03-16,0.85945
2021-03-17,0.85668
2021-03-18,0.85575
2021-03-19,0.85763
2021-03-22,0.86233
2021-03-23,0.86198
2021-03-24,0.8625
2021-03-25,0.86068
2021-03-26,0.85503
2021-03-29,0.8512
2021-03-30,0.85378
2021-03-31,0.85209
2021-04-01,0.85195
2021-04-06,0.85358
2021-04-07,0.86065
2021-04-08,0.8629
2021-04-09,0.86658
2021-04-12,0.86518
2021-04-13,0.86698
2021-04-14,0.86918
2021-04-15,0.86753
2021-04-16,0.86793
2021-04-19,0.86355
2021-04-20,0.86295
2021-04-21,0.8625
2021-04-22,0.86855
2021-04-23,0.86905
2021-04-26,0.86975
2021-04-27,0.86895
2021-04-28,0.86988
2021-04-29,0.8691
2021-04-30,0.86863
2021-05-03,0.86838
2021-05-04,0.8677
2021-05-05,0.86274
2021-05-06,0.86708
2021-05-07,0.8681
2021-05-10,0.86195
2021-05-11,0.86013
2021-05-12,0.85798
2021-05-13,0.86063
2021-05-14,0.86083
2021-05-17,0.86215
2021-05-18,0.85998
2021-05-19,0.86233
2021-05-20,0.864
2021-05-21,0.8587
2021-05-24,0.86408
2021-05-25,0.86573
2021-05-26,0.8633
2021-05-27,0.86068
2021-05-28,0.85765
2021-05-31,0.86013
2021-06-01,0.86285
2021-06-02,0.86125
2021-06-03,0.85955
2021-06-04,0.8569
2021-06-07,0.85825
2021-06-08,0.861
2021-06-09,0.86053
2021-06-10,0.86293
2021-06-11,0.8571
2021-06-14,0.85898
2021-06-15,0.8615
2021-06-16,0.8583
2021-06-17,0.85525
2021-06-18,0.85785
2021-06-21,0.8567
2021-06-22,0.8556
2021-06-23,0.85435
2021-06-24,0.85883
2021-06-25,0.8595
2021-06-28,0.8571
2021-06-29,0.85948
2021-06-30,0.85805
2021-07-01,0.86033
2021-07-02,0.86003
2021-07-05,0.85665
2021-07-06,0.8545
2021-07-07,0.855
2021-07-08,0.86133
2021-07-09,0.85758
2021-07-12,0.8557
2021-07-13,0.85518
2021-07-14,0.85158
2021-07-15,0.85188
2021-07-16,0.85298
2021-07-19,0.85913
2021-07-20,0.86545
2021-07-21,0.86363
2021-07-22,0.85563
2021-07-23,0.85543
2021-07-26,0.85468
2021-07-27,0.85503
2021-07-28,0.85095
2021-07-29,0.8508
2021-07-30,0.8514
2021-08-02,0.85568
2021-08-03,0.85355
2021-08-04,0.85153
2021-08-05,0.8506
2021-08-06,0.8484
2021-08-09,0.84745
2021-08-10,0.84568
2021-08-11,0.84698
2021-08-12,0.84743
2021-08-13,0.85093
2021-08-16,0.84873
2021-08-17,0.85323
2021-08-18,0.85183
2021-08-19,0.85523
2021-08-20,0.8575
2021-08-23,0.85635
2021-08-24,0.85578
2021-08-25,0.8559
2021-08-26,0.85718
2021-08-27,0.85703
2021-08-30,0.85748
2021-08-31,0.85875
2021-09-01,0.85863
2021-09-02,0.85915
2021-09-03,0.8584
2021-09-06,0.8571
2021-09-07,0.86115
2021-09-08,0.85873
2021-09-09,0.85555
2021-09-10,0.8526
2021-09-13,0.8512
2021-09-14,0.8526
2021-09-15,0.8551
2021-09-16,0.85025
2021-09-17,0.85363
2021-09-20,0.85705
2021-09-21,0.85855
2021-09-22,0.86
2021-09-23,0.85495
2021-09-24,0.85703
2021-09-27,0.8542
2021-09-28,0.8595
2021-09-29,0.86443
2021-09-30,0.86053
2021-10-01,0.85653
2021-10-04,0.8553
2021-10-05,0.85173
2021-10-06,0.8497
2021-10-07,0.85023
2021-10-08,0.8489
2021-10-11,0.84878
2021-10-12,0.84755
2021-10-13,0.84898
2021-10-14,0.84618
2021-10-15,0.84368
2021-10-18,0.84438
2021-10-19,0.84275
2021-10-20,0.84503
2021-10-21,0.8429
2021-10-22,0.8437
2021-10-25,0.8438
2021-10-26,0.84178
2021-10-27,0.8453
2021-10-28,0.84373
2021-10-29,0.8449
2021-11-01,0.84575
2021-11-02,0.84955
2021-11-03,0.84823
2021-11-04,0.8535
2021-11-05,0.85545
2021-11-08,0.85478
2021-11-09,0.8538
2021-11-10,0.85548
2021-11-11,0.85538
2021-11-12,0.85505
2021-11-15,0.85165
2021-11-16,0.84533
2021-11-17,0.8409
2021-11-18,0.84173
2021-11-19,0.83928
2021-11-22,0.83923
2021-11-23,0.84185
2021-11-24,0.83935
2021-11-25,0.84295
2021-11-26,0.8462
2021-11-29,0.84583
2021-11-30,0.85173
2021-12-01,0.85
2021-12-02,0.85135
2021-12-03,0.85048
2021-12-06,0.85128
2021-12-07,0.84933
2021-12-08,0.85603
2021-12-09,0.8574
2021-12-10,0.85355
2021-12-13,0.85158
2021-12-14,0.85345
2021-12-15,0.8498
2021-12-16,0.84835
2021-12-17,0.85208
2021-12-20,0.85205
2021-12-21,0.8528
2021-12-22,0.849
2021-12-23,0.84228
2021-12-24,0.84389
2021-12-27,0.8433
2021-12-28,0.84248
2021-12-29,0.84115
2021-12-30,0.8393
2021-12-31,0.84028
2022-01-03,0.84135
2022-01-04,0.83618
2022-01-05,0.83546
2022-01-06,0.83593
2022-01-07,0.8343
2022-01-10,0.83398
2022-01-11,0.83475
2022-01-12,0.83338
2022-01-13,0.83545
2022-01-14,0.83508
2022-01-17,0.83573
2022-01-18,0.83673
2022-01-19,0.83168
2022-01-20,0.83265
2022-01-21,0.83633
2022-01-24,0.83803
2022-01-25,0.83713
2022-01-26,0.83458
2022-01-27,0.83368
2022-01-28,0.83178
2022-01-31,0.83153
2022-02-01,0.83498
2022-02-02,0.83395
2022-02-03,0.83208
2022-02-04,0.84593
2022-02-07,0.84685
2022-02-08,0.84363
2022-02-09,0.84255
2022-02-10,0.84248
2022-02-11,0.83958
2022-02-14,0.8372
2022-02-15,0.83765
2022-02-16,0.8394
2022-02-17,0.83493
2022-02-18,0.83425
2022-02-21,0.83298
2022-02-22,0.83685
2022-02-23,0.83463
2022-02-24,0.83463
2022-02-25,0.8374
2022-02-28,0.8355
2022-03-01,0.8329
2022-03-02,0.83316
2022-03-03,0.82773
2022-03-04,0.82388
2022-03-07,0.82625
2022-03-08,0.83185
2022-03-09,0.8357
2022-03-10,0.84175
2022-03-11,0.8397
2022-03-14,0.83915
2022-03-15,0.84053
2022-03-16,0.83988
2022-03-17,0.84315
2022-03-18,0.83925
2022-03-21,0.83775
2022-03-22,0.83228
2022-03-23,0.8328
2022-03-24,0.83288
2022-03-25,0.8338
2022-03-28,0.83643
2022-03-29,0.8444
2022-03-30,0.84563
2022-03-31,0.84595
2022-04-01,0.84145
2022-04-04,0.8389
2022-04-05,0.8349
2022-04-06,0.83473
2022-04-07,0.8345
2022-04-08,0.83355
2022-04-11,0.83693
2022-04-12,0.83455
2022-04-13,0.8328
2022-04-14,0.82908
2022-04-19,0.82955
2022-04-20,0.82965
2022-04-21,0.83523
2022-04-22,0.83925
2022-04-25,0.8433
2022-04-26,0.84135
2022-04-27,0.84215
2022-04-28,0.8435
2022-04-29,0.83908
2022-05-02,0.8381
2022-05-03,0.8413
2022-05-04,0.84194
2022-05-05,0.8519
2022-05-06,0.85625
2022-05-09,0.85235
2022-05-10,0.85595
2022-05-11,0.85393
2022-05-12,0.85293
2022-05-13,0.85115
2022-05-16,0.85045
2022-05-17,0.844
2022-05-18,0.8467
2022-05-19,0.84728
2022-05-20,0.8482
2022-05-23,0.84783
2022-05-24,0.8575
2022-05-25,0.85295
2022-05-26,0.85073
2022-05-27,0.84875
2022-05-30,0.8515
2022-05-31,0.85138
2022-06-01,0.85158
2022-06-02,0.85195
2022-06-03,0.8542
2022-06-06,0.85415
2022-06-07,0.85365
2022-06-08,0.85575
2022-06-09,0.85653
2022-06-10,0.85048
2022-06-13,0.8585
2022-06-14,0.86578
2022-06-15,0.86328
2022-06-16,0.8555
2022-06-17,0.855
2022-06-20,0.85748
2022-06-21,0.8601
2022-06-22,0.85885
2022-06-23,0.85818
2022-06-24,0.85773
2022-06-27,0.862
2022-06-28,0.8635
2022-06-29,0.86461
2022-06-30,0.8582
2022-07-01,0.86648
2022-07-04,0.8596
2022-07-05,0.85845
2022-07-06,0.85676
2022-07-07,0.85105
2022-07-08,0.84585
2022-07-11,0.8454
2022-07-12,0.84823
2022-07-13,0.84371
2022-07-14,0.8456
2022-07-15,0.84988
2022-07-18,0.84708
2022-07-19,0.85303
2022-07-20,0.85178
2022-07-21,0.85545
2022-07-22,0.85141
2022-07-25,0.84813
2022-07-26,0.84558
2022-07-27,0.84138
2022-07-28,0.83586
2022-07-29,0.8399
2022-08-01,0.837
2022-08-02,0.83665
2022-08-03,0.83629
2022-08-04,0.84231
2022-08-05,0.84268
2022-08-08,0.84165
2022-08-09,0.8452
2022-08-10,0.84608
2022-08-11,0.84575
2022-08-12,0.84715
2022-08-15,0.84375
2022-08-16,0.84218
2022-08-17,0.84208
2022-08-18,0.84391
2022-08-19,0.84938
2022-08-22,0.84658
2022-08-23,0.84343
2022-08-24,0.84283
2022-08-25,0.84293
2022-08-26,0.8459
2022-08-29,0.8542
2022-08-30,0.85645
2022-08-31,0.86035
2022-09-01,0.86473
2022-09-02,0.86478
2022-09-05,0.86358
2022-09-06,0.85743
2022-09-07,0.8651
2022-09-08,0.86656
2022-09-09,0.8686
2022-09-12,0.86778
2022-09-13,0.86793
2022-09-14,0.86498
2022-09-15,0.86934
2022-09-16,0.874
2022-09-19,0.87785
2022-09-20,0.87395
2022-09-21,0.87335
2022-09-22,0.87256
2022-09-23,0.88201
2022-09-26,0.89404
2022-09-27,0.89275
2022-09-28,0.90268
2022-09-29,0.89485
2022-09-30,0.883
2022-10-03,0.8707
2022-10-04,0.87273
2022-10-05,0.8734
2022-10-06,0.87583
2022-10-07,0.87383
2022-10-10,0.8773
2022-10-11,0.87703
2022-10-12,0.8784
2022-10-13,0.86513
2022-10-14,0.86823
2022-10-17,0.8625
2022-10-18,0.86928
2022-10-19,0.86993
2022-10-20,0.87258
2022-10-21,0.87728
2022-10-24,0.8707
2022-10-25,0.87143
2022-10-26,0.86603
2022-10-27,0.86745
2022-10-28,0.8612
2022-10-31,0.86115
2022-11-01,0.86058
2022-11-02,0.861
2022-11-03,0.87228
2022-11-04,0.87478
2022-11-07,0.87135
2022-11-08,0.87378
2022-11-09,0.87774
2022-11-10,0.87298
2022-11-11,0.87538
2022-11-14,0.87513
2022-11-15,0.87455
2022-11-16,0.87483
2022-11-17,0.87475
2022-11-18,0.87063
2022-11-21,0.86793
2022-11-22,0.86358
2022-11-23,0.86369
2022-11-24,0.85933
2022-11-25,0.85885
2022-11-28,0.86606
2022-11-29,0.86218
2022-11-30,0.86488
2022-12-01,0.85715
2022-12-02,0.85855
2022-12-05,0.86085
2022-12-06,0.8617
2022-12-07,0.86408
2022-12-08,0.86258
2022-12-09,0.8595
2022-12-12,0.86006
2022-12-13,0.85753
2022-12-14,0.86118
2022-12-15,0.86194
2022-12-16,0.87233
2022-12-19,0.87118
2022-12-20,0.8753
2022-12-21,0.87651
2022-12-22,0.88243
2022-12-23,0.8803
2022-12-27,0.88333
2022-12-28,0.88058
2022-12-29,0.88549
2022-12-30,0.88693
2023-01-02,0.8863
2023-01-03,0.88048
2023-01-04,0.88076
2023-01-05,0.88303
2023-01-06,0.88475
2023-01-09,0.88048
2023-01-10,0.8833
2023-01-11,0.88673
2023-01-12,0.8869
2023-01-13,0.888
2023-01-16,0.88758
2023-01-17,0.88595
2023-01-18,0.8753
2023-01-19,0.87648
2023-01-20,0.876
2023-01-23,0.8797
2023-01-24,0.88368
2023-01-25,0.88248
2023-01-26,0.87945
2023-01-27,0.87885
2023-01-30,0.87978
2023-01-31,0.88073
2023-02-01,0.88413
2023-02-02,0.89289
2023-02-03,0.8925
2023-02-06,0.89278
2023-02-07,0.89338
2023-02-08,0.888
2023-02-09,0.88515
2023-02-10,0.88348
2023-02-13,0.88281
2023-02-14,0.88125
2023-02-15,0.88825
2023-02-16,0.88883
2023-02-17,0.88888
2023-02-20,0.88738
2023-02-21,0.87925
2023-02-22,0.87945
2023-02-23,0.8814
2023-02-24,0.88245
2023-02-27,0.88073
2023-02-28,0.87701
2023-03-01,0.88574
2023-03-02,0.88785
2023-03-03,0.8853
2023-03-06,0.8863
2023-03-07,0.88968
2023-03-08,0.89074
2023-03-09,0.88814
2023-03-10,0.88258
2023-03-13,0.8837
2023-03-14,0.88054
2023-03-15,0.87243
2023-03-16,0.8782
2023-03-17,0.87488
2023-03-20,0.8756
2023-03-21,0.88033
2023-03-22,0.87925
2023-03-23,0.88523
2023-03-24,0.8794
2023-03-27,0.87818
2023-03-28,0.87938
2023-03-29,0.87988
2023-03-30,0.88164
2023-03-31,0.8792
2023-04-03,0.8779
2023-04-04,0.87333
2023-04-05,0.87685
2023-04-06,0.87495
2023-04-11,0.87738
2023-04-12,0.88038
2023-04-13,0.88058
2023-04-14,0.8844
2023-04-17,0.88373
2023-04-18,0.88143
2023-04-19,0.88108
2023-04-20,0.88153
2023-04-21,0.8857
2023-04-24,0.88463
2023-04-25,0.88645
2023-04-26,0.8856
2023-04-27,0.88428
2023-04-28,0.8805
2023-05-02,0.87868
2023-05-03,0.88265
2023-05-04,0.88015
2023-05-05,0.87378
2023-05-08,0.87228
2023-05-09,0.8699
2023-05-10,0.86813
2023-05-11,0.86795
2023-05-12,0.8702
2023-05-15,0.86943
2023-05-16,0.86938
2023-05-17,0.86895
2023-05-18,0.8689
2023-05-19,0.8684
2023-05-22,0.86846
2023-05-23,0.86993
2023-05-24,0.86993
2023-05-25,0.86793
2023-05-26,0.86813
2023-05-29,0.86805
2023-05-30,0.86365
2023-05-31,0.86405
2023-06-01,0.85823
2023-06-02,0.8593
2023-06-05,0.86323
2023-06-06,0.86103
2023-06-07,0.8597
2023-06-08,0.86113
2023-06-09,0.85795
2023-06-12,0.85678
2023-06-13,0.8585
2023-06-14,0.85455
2023-06-15,0.85555
2023-06-16,0.85428
2023-06-19,0.85268
2023-06-20,0.85705
2023-06-21,0.85828
2023-06-22,0.86115
2023-06-23,0.85479
2023-06-26,0.85878
2023-06-27,0.8599
2023-06-28,0.8642
2023-06-29,0.864
2023-06-30,0.85828
2023-07-03,0.8598
2023-07-04,0.85673
2023-07-05,0.85685
2023-07-06,0.8531
2023-07-07,0.85298
2023-07-10,0.85733
2023-07-11,0.8511
2023-07-12,0.85378
2023-07-13,0.85553
2023-07-14,0.8559
2023-07-17,0.85873
2023-07-18,0.85838
2023-07-19,0.86918
2023-07-20,0.8692
2023-07-21,0.86706
2023-07-24,0.8635
2023-07-25,0.86148
2023-07-26,0.85695
2023-07-27,0.85885
2023-07-28,0.8556
2023-07-31,0.85765
2023-08-01,0.85865
2023-08-02,0.86038
2023-08-03,0.86468
2023-08-04,0.86193
2023-08-07,0.86163
2023-08-08,0.86158
2023-08-09,0.8618
2023-08-10,0.86313
2023-08-11,0.86415
2023-08-14,0.86215
2023-08-15,0.85955
2023-08-16,0.85645
2023-08-17,0.85395
2023-08-18,0.85493
2023-08-21,0.85475
2023-08-22,0.85288
2023-08-23,0.85653
2023-08-24,0.8565
2023-08-25,0.85643
2023-08-28,0.85815
2023-08-29,0.8586
2023-08-30,0.8592
2023-08-31,0.85718
2023-09-01,0.85538
2023-09-04,0.8555
2023-09-05,0.85535
2023-09-06,0.85503
2023-09-07,0.859
2023-09-08,0.85735
2023-09-11,0.8565
2023-09-12,0.85925
2023-09-13,0.8609
2023-09-14,0.85995
2023-09-15,0.85878
2023-09-18,0.86141
2023-09-19,0.86263
2023-09-20,0.8653
2023-09-21,0.86713
2023-09-22,0.86795
2023-09-25,0.86965
